Player 1,count
Rafael Nadal,7927
Novak Djokovic,7038
Stefanos Tsitsipas,4910
Roger Federer,4801
Dominic Thiem,2315
Casper Ruud,2302
Marin Cilic,2252
Daniil Medvedev,2156
Gael Monfils,2083
Stan Wawrinka,1982
Jannik Sinner,1937
Kevin Anderson,1843
Grigor Dimitrov,1817
Hubert Hurkacz,1640
Andy Murray,1617
Feliciano Lopez,1591
Reilly Opelka,1492
Andrey Rublev,1489
Denis Shapovalov,1428
Botic Van De Zandschulp,1395
Nick Kyrgios,1344
Marco Cecchinato,1326
Carlos Alcaraz,1309
Taylor Fritz,1241
John Millman,1127
Pablo Carreno Busta,1095
Milos Raonic,1084
Aslan Karatsev,1027
Fernando Verdasco,948
Robin Haase,859
Frances Tiafoe,846
Karen Khachanov,797
Lorenzo Sonego,744
Felix Auger Aliassime,740
Alexander Zverev,683
Borna Coric,671
Guido Pella,670
Thomas Fabbiano,663
Mikael Ymer,613
Maxime Cressy,597
John Isner,592
Nikoloz Basilashvili,578
Tomas Berdych,574
Tennys Sandgren,574
Cameron Norrie,566
Ugo Humbert,561
Pierre Hugues Herbert,559
Vasek Pospisil,539
Benoit Paire,535
Brandon Nakashima,530
Paul Jubb,527
Adrian Mannarino,521
Sam Querrey,519
Yoshihito Nishioka,513
Alexei Popyrin,512
Jordan Thompson,508
Tallon Griekspoor,504
Diego Schwartzman,483
Federico Delbonis,442
Gilles Simon,429
Gijs Brouwer,407
Paolo Lorenzi,398
Gilles Muller,389
Miomir Kecmanovic,371
Nuno Borges,367
Matteo Berrettini,366
Cristian Garin ,364
Lorenzo Musetti ,360
Lorenzo Musetti,359
Jiri Vesely,357
Nicolas Jarry,351
Marc Polmans,346
Zhizhen Zhang,334
Steve Johnson,331
Tomas Machac,323
Alejandro Tabilo,322
Andreas Seppi,319
Egor Gerasimov,312
Roberto Bautista Agut,312
Stefanos Tsitsipas ,304
Alex Molcan,304
Peter Gojowczyk,291
Elliot Benchetrit,290
Carlos Taberner,287
J J Wolf,284
Sebastian Korda,284
Ernests Gulbis,273
Mirza Basic,270
Albert Ramos,264
Novak Djokovic ,264
Jason Kubler,261
Gregoire Barrere,260
Hugo Dellien,257
David Goffin,253
Radu Albot,246
Elias Ymer,244
Soon Woo Kwon,244
Kei Nishikori,242
Christopher Oconnell,238
Marius Copil,235
Brandon Nakashima ,234
Janko Tipsarevic,233
Aljaz Bedene,232
Sergiy Stakhovsky,231
Christopher Eubanks,226
Facundo Bagnis,223
Fabio Fognini,223
Renzo Olivo,218
Jeremy Chardy,216
Jenson Brooksby,211
Alex De Minaur,206
Jan Lennard Struff,199
Thiago Seyboth Wild,199
Lucas Pouille,194
Thiago Monteiro,193
Pedro Martinez,192
Richard Gasquet,190
Enzo Couacaud,186
Brayden Schnur,180
Marton Fucsovics,180
Alejandro Davidovich Fokina ,180
Hugo Gaston,175
Ben Shelton,175
Aleksandar Vukic,173
Andrea Arnaboldi,172
Felix Auger Aliassime  ,168
Pablo Andujar,166
Denis Kudla,161
Prajnesh Gunneswaran,155
Denis Istomin,152
Lukas Lacko,151
Juan Martin Del Potro,147
Dusan Lajovic,147
Daniel Evans,143
Joao Sousa,137
Jozef Kovalik,135
Ivo Karlovic,126
Sascha Gueymard Wayenburg,119
Hyeon Chung,90
